<?xml version="1.0" encoding="UTF-8" ?>
<!DOCTYPE tiles-definitions PUBLIC
"-//Apache Software Foundation//DTD Tiles Configuration 2.0//EN"
"http://tiles.apache.org/dtds/tiles-config_2_0.dtd">
<tiles-definitions>
   <definition name="baseLayout"  template="/WEB-INF/views/common/layout.jsp">
      <put-attribute name="title" value="" />
      <put-attribute name="header" value="/WEB-INF/views/common/header.jsp" />
      <put-attribute name="body" value="" />
      <put-attribute name="footer" value="/WEB-INF/views/common/footer.jsp" />
   </definition>

   <definition name="/company/list" extends="baseLayout">
      <put-attribute name="title" value="이용 기업 목록" />
      <put-attribute name="body" value="/WEB-INF/views/company/compList.jsp" />
   </definition>
   
 <definition name="/company/viewCreate" extends="baseLayout">
      <put-attribute name="title" value="신규 기업 등록" />
      <put-attribute name="body" value="/WEB-INF/views/company/compCreate.jsp" />
   </definition>
   
   <definition name="/company/read" extends="baseLayout">
      <put-attribute name="title" value="기업 정보" />
      <put-attribute name="body" value="/WEB-INF/views/company/compInfo.jsp" />
   </definition>

</tiles-definitions>
