<?xml version="1.0" encoding="UTF-8" ?>
<!DOCTYPE tiles-definitions PUBLIC
"-//Apache Software Foundation//DTD Tiles Configuration 2.0//EN"
"http://tiles.apache.org/dtds/tiles-config_2_0.dtd">
<tiles-definitions>
   <definition name="baseLayout"  template="/WEB-INF/views/common/layout.jsp">
      <put-attribute name="title" value="" />
      <put-attribute name="header" value="/WEB-INF/views/common/header.jsp" />
      <put-attribute name="body" value="" />
      <put-attribute name="footer" value="/WEB-INF/views/common/footer.jsp" />
   </definition>

   <definition name="/order/viewCreate" extends="baseLayout">
      <put-attribute name="title" value="주문요청" />
      <put-attribute name="body" value="/WEB-INF/views/order/create.jsp" />
   </definition>
   
   <definition name="/order/list" extends="baseLayout">
      <put-attribute name="title" value="주문조회" />
      <put-attribute name="body" value="/WEB-INF/views/order/list.jsp" />
   </definition>
   
   <definition name="/order/read" extends="baseLayout">
      <put-attribute name="title" value="주문상세" />
      <put-attribute name="body" value="/WEB-INF/views/order/read.jsp" />
   </definition>
 
</tiles-definitions>
