<?xml version="1.0" encoding="UTF-8" ?>
<!DOCTYPE mapper
      PUBLIC "-//mybatis.org//DTD Mapper 3.0//EN"
   "http://mybatis.org/dtd/mybatis-3-mapper.dtd">

<mapper namespace="mapper.board">

	<resultMap id="boardMap" type="boardVO">
		<id property="seq" column="seq"/>
		<result property="writeSeq" column="write_seq"/>
		<result property="currentSeq" column="current_seq"/>
		<result property="title" column="title"/>
		<result property="content" column="content"/>
		<result property="readCount" column="read_count"/>
		<result property="nextSeq" column="next_seq"/>
		<result property="writer" column="writer"/>
		<result property="userId" column="user_id"/>
		<result property="writeDate" column="write_date"/>
	</resultMap>

	
	<select id="insertBoard" parameterType="boardVO">
      <![CDATA[
        insert into board(current_seq,title,content,next_seq,writer,user_id) 
        values (#{currentSeq},#{title},#{content},#{nextSeq},#{writer},#{userId})
      ]]>
	</select>
	
	<select id="selectMaxSeq" resultType="java.lang.Integer" parameterType="java.lang.Integer">
      <![CDATA[
        select max(seq) from board
      ]]>
	</select>
	
	<select id="updateWriteSeq" parameterType="java.lang.Integer">
      <![CDATA[
        update board set write_seq = #{max} where seq = #{max} 
      ]]>
	</select>
	
	<select id="selectAllBoard" resultMap="boardMap" resultType="boardVO">
      <![CDATA[
        select * from board order by write_seq desc , current_seq asc 
      ]]>
	</select>
	
	<select id="selectBoardBySeq" resultMap="boardMap" resultType="boardVO" 
														parameterType="java.lang.Integer">
      <![CDATA[
       select * from board where seq = #{seq}
      ]]>
	</select>
	
	<select id="insertReply" parameterType="boardVO">
      <![CDATA[
      	insert into board(write_seq,current_seq,title,content,next_seq,writer,user_id) 
      	values (#{writeSeq},#{currentSeq},#{title},#{content},#{nextSeq},#{writer},#{userId})
      ]]>
	</select>
	
	<select id="updateNextSeq" parameterType="boardVO">
      <![CDATA[
        update board set next_seq = #{currentSeq} where seq = #{seq}
      ]]>
	</select>
	
</mapper>







