<?xml version="1.0" encoding="UTF-8" ?>
<!DOCTYPE mapper
      PUBLIC "-//mybatis.org//DTD Mapper 3.0//EN"
   "http://mybatis.org/dtd/mybatis-3-mapper.dtd">

<mapper namespace="mapper.guestbook">
	<resultMap id="guestbookMap" type="guestbookVO">
		<id property="seq" column="seq" />
        <result property="userId" column="user_id" />
        <result property="title" column="title" />
        <result property="content" column="content" />
        <result property="regDate" column="reg_date" />
        <result property="readCount" column="read_count" />
        <collection property="replyList" javaType="java.util.ArrayList" resultMap="replyMap"></collection>
	</resultMap> 
	<resultMap id="replyMap" type="replyVO">
		<id property="replySeq" column="reply_seq"/>
		<result property="replyContent" column="reply_content"/>
		<result property="replyDate" column="reply_date"/>
		<result property="gbSeq" column="gb_seq"/>
	</resultMap>

	<select id="selectAllBookList" resultMap="guestbookMap">
      <![CDATA[
         select * from guestbook order by reg_date desc	 	
      ]]>
	</select>
	
	<select id="insertBook" parameterType="guestbookVO">
      <![CDATA[
         insert into guestbook(title,content,user_id) 
         values(#{title},#{content},#{userId})
      ]]>
	</select>


	<select id="deleteBook" parameterType="int">
      <![CDATA[
         delete from guestbook where seq = #{seq}
      ]]>
	</select>
	
	
	<select id="updateReadCount" parameterType="java.lang.Integer">
      <![CDATA[
         update guestbook set read_count = read_count + 1 where seq = #{seq}
      ]]>
	</select>
	
	<select id="selectBookBySeq" resultMap="guestbookMap" resultType="guestbookVO" 
														parameterType="java.lang.Integer">
      <![CDATA[
        select g.seq,g.user_id,g.title,g.content,g.reg_date,g.read_count, 
               r.reply_seq,r.reply_content,r.reply_date,r.gb_seq 
        from guestbook g left join reply r  
        on g.seq = r.gb_seq  where g.seq = #{seq} 
      ]]>
	</select>
	
	<select id="insertReply" parameterType="replyVO">
      <![CDATA[
         insert into reply(reply_content,gb_seq) values (#{replyContent},#{gbSeq})
      ]]>
	</select>
	
	
	<select id="selectBookForUpdate" resultMap="guestbookMap" resultType="guestbookVO" parameterType="int">
      <![CDATA[
         select * from guestbook where seq = #{seq}
      ]]>
	</select>
	
	
	<select id="updateBook" parameterType="guestbookVO">
      <![CDATA[
         update guestbook set title = #{title}, content=#{content} where seq = #{seq}
      ]]>
	</select>
</mapper>







