<?xml version="1.0" encoding="UTF-8" ?>
<!DOCTYPE mapper
      PUBLIC "-//mybatis.org//DTD Mapper 3.0//EN"
   "http://mybatis.org/dtd/mybatis-3-mapper.dtd">

<mapper namespace="mapper.member">
	<resultMap id="memResult" type="memberVO">
		<result property="id" column="id" />
        <result property="pwd" column="pwd" />
        <result property="name" column="name" />
        <result property="email" column="email" />
        <result property="joinDate" column="joinDate" />
	</resultMap> 
	<!-- 
	<resultMap id="memResult" type="java.util.HashMap">
      <result property="id" column="id" />
      <result property="pwd" column="pwd" />
      <result property="name" column="name" />
      <result property="email" column="email" />
      <result property="joinDate" column="joinDate" />
   </resultMap> -->


	<select id="selectAllMemberList" resultMap="memResult">
      <![CDATA[
         select * from member	order by joinDate desc	 	
      ]]>
	</select>

	<select id="selectName" resultType="String">
    <![CDATA[
	select name from member
	where id = 'hong'			
    ]]>
	</select>
	
	<select id="selectPwd" resultType="int" >
	  <![CDATA[ 
	    select pwd from member 
	    where id = 'hong'
	 ]]>
	 </select> 
	 
	<select id="selectMemberById" resultType="memberVO"  parameterType="String" >
      <![CDATA[
         select * from member
         where
         id=#{id}			
      ]]>
	 </select>	
	
	<select id="selectMemberByPwd" resultMap="memResult"  parameterType="int" >
      <![CDATA[
         select * from member
         where
         pwd = #{pwd}			
      ]]>
    </select>
    
     <insert id="insertMember"  parameterType="memberVO">
		<![CDATA[
		 insert into member(id,pwd, name, email)
		 values(#{id}, #{pwd}, #{name}, #{email})
		]]>      
	</insert>
	
	<insert id="insertMember2"  parameterType="java.util.Map">
		<![CDATA[
			 insert into member(id,pwd, name, email)
			 values(#{id}, #{pwd}, #{name}, #{email})
		]]>      
   </insert>
   
   <update id="updateMember"  parameterType="memberVO">
     <![CDATA[
	     update member
	     set pwd=#{pwd}, name=#{name}, email=#{email}
	     where
	     id=#{id}
      ]]>      
   </update> 
     
   <delete id="deleteMember"  parameterType="String">
	<![CDATA[
	   delete from  member
	   where
	   id=#{id}
	]]>      
  </delete>
	
  <select id="findMember" resultType="memberVO"  parameterType="java.util.Map" >
      <![CDATA[
         select * from member
         where
         id=#{id} and pwd = #{pwd}			
      ]]>
  </select>	
	<!-- 동적 SQL문 -->
  <select id="searchMember" parameterType="memberVO" resultMap="memResult">
      <![CDATA[
          select * from member
      ]]>
      <where>
         <if test=" name != ''  and  name != null">
            name=#{name}
         </if>
         <if test="email != ''  and email != null ">
           and email = #{email}
         </if>
      </where>
      order by joinDate desc
  </select>
  
 <!--  
   <sql id="a">
    <![CDATA[
      select * from member
     ]]> 
   </sql>  -->  
  
<!--    
  <select id="searchMember" parameterType="memberVO" resultMap="memResult">
	     <include refid="a" /> 
	   <![CDATA[
         select * from member 
      ]]>
	  
       <where>
		  <choose>
		      <when test="name != '' and name != null and  email != '' and email != null">
			     name=#{name} and email=#{email}
		      </when>
		      <when test="name != '' and name != null">
			     name = #{name}
		      </when>
		      <when test="email !='' and email != null">
			    email = #{email}
		      </when>
	      </choose>
       </where>
       order by joinDate desc
   </select> -->
   
   <select id="foreachSelect" resultMap="memResult" parameterType="java.util.Map">
      <!-- <include refid="a" /> -->
      <![CDATA[
        select * from member 
          
      ]]>
      
      where name in
      <foreach item="item" collection="list" open="(" separator="," close=")" >
         #{item}
      </foreach>
      order by joinDate desc
   </select>
    <!-- 오라클 전용
   <insert id="foreachInsert"  parameterType="java.util.Map">
      <foreach item="item"  collection="list"   open="INSERT ALL" separator=" " close="SELECT * FROM DUAL" >
          INTO  member(id, pwd, name, email)
          VALUES  (#{item.id},
                    #{item.pwd},
                    #{item.name},
                    #{item.email})
      </foreach>
   </insert>
   -->
  <!--  
    <select id="selectLike" resultMap="memResult"  parameterType="String" >
      <![CDATA[
         select * from member
         where
         name like '%'#{name}'%'		
      ]]>
    </select>
     -->
   <!--  like 검색 -->
   <select id="selectLike" resultMap="memResult"  parameterType="String" >
      <![CDATA[
         select * from member
         where
         name like '%' || #{name} || '%'		
      ]]>
    </select>
</mapper>