<?xml version="1.0" encoding="UTF-8" ?>
<!DOCTYPE tiles-definitions PUBLIC
"-//Apache Software Foundation//DTD Tiles Configuration 2.0//EN"
"http://tiles.apache.org/dtds/tiles-config_2_0.dtd">
<tiles-definitions>
   <definition name="baseLayout"  template="/WEB-INF/views/common/layout.jsp">
      <put-attribute name="title" value="" />
      <put-attribute name="header" value="/WEB-INF/views/common/header.jsp" />
      <put-attribute name="body" value="" />
      <put-attribute name="footer" value="/WEB-INF/views/common/footer.jsp" />
   </definition>
  
  <definition name="/csv/list" extends="baseLayout">
      <put-attribute name="title" value="csv 업로드 리스트" />
      <put-attribute name="body" value="/WEB-INF/views/csv/csvList.jsp" />
   </definition>
  
   <definition name="/csv/viewCreate" extends="baseLayout">
      <put-attribute name="title" value="csv 생성 테스트" />
      <put-attribute name="body" value="/WEB-INF/views/csv/csvCreate.jsp" />
   </definition>
 
</tiles-definitions>
