<?xml version="1.0" encoding="UTF-8" ?>
<!DOCTYPE tiles-definitions PUBLIC
"-//Apache Software Foundation//DTD Tiles Configuration 2.0//EN"
"http://tiles.apache.org/dtds/tiles-config_2_0.dtd">
<tiles-definitions>
   <definition name="baseLayout"  template="/WEB-INF/views/common/layout.jsp">
      <put-attribute name="title" value="" />
      <put-attribute name="header" value="/WEB-INF/views/common/header.jsp" />
      <put-attribute name="body" value="" />
      <put-attribute name="footer" value="/WEB-INF/views/common/footer.jsp" />
   </definition>

   <definition name="/item/list" extends="baseLayout">
      <put-attribute name="title" value="취급 품목 목록" />
      <put-attribute name="body" value="/WEB-INF/views/item/itemList.jsp" />
   </definition>
   
 <definition name="/item/viewCreate" extends="baseLayout">
      <put-attribute name="title" value="신규 품목 등록" />
      <put-attribute name="body" value="/WEB-INF/views/item/itemCreate.jsp" />
   </definition>
   
   <definition name="/item/read" extends="baseLayout">
      <put-attribute name="title" value="품목 정보" />
      <put-attribute name="body" value="/WEB-INF/views/item/itemInfo.jsp" />
   </definition>

</tiles-definitions>
