<?xml version="1.0" encoding="UTF-8" ?>
<!DOCTYPE tiles-definitions PUBLIC
"-//Apache Software Foundation//DTD Tiles Configuration 2.0//EN"
"http://tiles.apache.org/dtds/tiles-config_2_0.dtd">
<tiles-definitions>
   <definition name="baseLayout"  template="/WEB-INF/views/common/layout.jsp">
      <put-attribute name="title" value="" />
      <put-attribute name="header" value="/WEB-INF/views/common/header.jsp" />
      <put-attribute name="body" value="" />
      <put-attribute name="footer" value="/WEB-INF/views/common/footer.jsp" />
   </definition>

   <definition name="/board/create" extends="baseLayout">
      <put-attribute name="title" value="메인페이지" />
      <put-attribute name="body" value="/WEB-INF/views/board/create.jsp" />
   </definition>

   <definition name="/board/read" extends="baseLayout">
   <put-attribute name="title" value="게시글 내용" />
      <put-attribute name="body" value="/WEB-INF/views/board/read.jsp" />
   </definition>
   
   <definition name="/board/update" extends="baseLayout">
   <put-attribute name="title" value="글 수정" />
      <put-attribute name="body" value="/WEB-INF/views/board/update.jsp" />
   </definition>
   
   <definition name="/board/list" extends="baseLayout">
   <put-attribute name="title" value="게시판" />
      <put-attribute name="body" value="/WEB-INF/views/board/list.jsp" />
   </definition>
   
 
</tiles-definitions>
