<?xml version="1.0" encoding="UTF-8"?>
<!DOCTYPE mapper
      PUBLIC "-//mybatis.org//DTD Mapper 3.0//EN"
   "http://mybatis.org/dtd/mybatis-3-mapper.dtd">

<mapper namespace="mapper.item">
	<resultMap id="itemResult" type="itemVO">
		<id property="itemCd" column="item_cd" />
		<result property="itemName" column="item_name" />
		<result property="major" column="major" />
		<result property="middle" column="middle" />
		<result property="minor" column="minor" />
		<result property="standard" column="standard" />
		<result property="unit" column="unit" />
		<result property="img" column="img" />
		<result property="compCd" column="comp_cd" />
		<result property="compName" column="comp_name" />
	</resultMap>

	<select id="selectSearchItem" resultMap="itemResult" parameterType="Map">
      <![CDATA[
         select i.*,c.comp_name from item i left join company c 
         on i.comp_cd = c.comp_cd
         where
      ]]>
      <if test=" major != null and major != ''">
      major=#{major} and
      </if>
      <if test=" middle != null and middle != ''">
      middle=#{middle} and
      </if>
      <if test=" minor != null and minor != ''">
      minor=#{minor} and
      </if>
      item_name like concat('%',#{searchText},'%')
      order by item_name
	</select>

	<select id="selectMinorByMiddle" resultMap="itemResult" parameterType="String">
      <![CDATA[
         select minor from item 
         where middle=#{middle}
         group by minor
      ]]>
	</select>

	<select id="selectMiddleByMajor" resultMap="itemResult" parameterType="String">
      <![CDATA[
         select middle from item 
         where major=#{major}
         group by middle
      ]]>
	</select>

	<select id="selectAllMajor" resultMap="itemResult">
      <![CDATA[
         select major from item group by major
      ]]>
	</select>

	<select id="selectAllItemList" resultMap="itemResult">
      <![CDATA[
         select * from item
      ]]>
	</select>

	<select id="selectItemBySupply" resultMap="itemResult">
      <![CDATA[
         select * from item
         where
         comp_cd like 'SUP%'	
      ]]>
	</select>

	<select id="selectItemByItemName" resultMap="itemResult"
		parameterType="String">
	  <![CDATA[
         select * from item
         where
         item_name like concat ('%', #{itemName}, '%')
      ]]>
	</select>

	<!-- 대중소 분류 조회 아직 X -->

	<select id="selectItemByItemCd" resultMap="itemResult"
		parameterType="String">
      <![CDATA[
         select i.*,c.comp_name from item i left join company c
         on i.comp_cd = c.comp_cd
         where
         item_cd=#{itemCd}			
      ]]>
	</select>

	<insert id="insertItem" parameterType="itemVO">
		<![CDATA[
		 insert into item
		 values(#{itemCd}, #{itemName}, #{major}, #{middle}, #{minor}, #{standard}, #{unit}, #{img}, #{compCd}) 
		]]>
	</insert>

	<update id="updateItem" parameterType="itemVO">
     <![CDATA[
	     update item
	     set item_name=#{itemName}, major=#{major}, middle=#{middle}, minor=#{minor}, unit=#{unit}
	     where
	     item_cd=#{itemCd}
      ]]>
	</update>

	<delete id="deleteItem" parameterType="String">
	<![CDATA[
	   delete from item
	   where
	   item_cd=#{itemCd}	
	]]>
	</delete>


</mapper>