<?xml version="1.0" encoding="UTF-8" ?>
<!DOCTYPE mapper
      PUBLIC "-//mybatis.org//DTD Mapper 3.0//EN"
   "http://mybatis.org/dtd/mybatis-3-mapper.dtd">

<mapper namespace="mapper.member">
	<resultMap id="memResult" type="memberVO">
		<id property="id" column="id" />
		<result property="pwd" column="pwd" />
		<result property="name" column="name" />
		<result property="phone" column="phone" />
		<result property="email" column="email" />
		<result property="compCd" column="comp_cd" />
	</resultMap>


	<select id="selectAllMemberList" resultMap="memResult">
      <![CDATA[
         select * from member
      ]]>
	</select>

	<select id="selectMemberById" resultType="memberVO" parameterType="String">
      <![CDATA[
         select * from member
         where
         id=#{id}			
      ]]>
	</select>
	
	<select id="selectMemberForLogin" resultMap="memResult" parameterType="memberVO">
      <![CDATA[
         select * from member
         where
         id=#{id} and
         pwd=#{pwd}			
      ]]>
	</select>
	
	<select id="selectMemberForFindId" resultMap="memResult" parameterType="memberVO">
      <![CDATA[
         select * from member
         where
         name=#{name} and
         comp_cd=#{compCd} and
         phone=#{phone}   	
      ]]>
	</select>
	
	<select id="selectMemberForFindPwd" resultMap="memResult" parameterType="memberVO">
      <![CDATA[
         select * from member
         where
         id=#{id} and
         name=#{name} and
         comp_cd=#{compCd} and
         phone=#{phone}   	
      ]]>
	</select>

	<insert id="insertMember" parameterType="memberVO">
		<![CDATA[
		 insert into member(id,pwd, name, phone, email, comp_cd)
		 values(#{id}, #{pwd}, #{name}, #{phone}, #{email}, #{compCd})
		]]>
	</insert>

	<update id="updateMember" parameterType="memberVO">
     <![CDATA[
	     update member
	     set pwd=#{pwd}, name=#{name}, phone=#{phone}, email=#{email}
	     where
	     id=#{id}
      ]]>
	</update>
	
	<update id="updatePwd" parameterType="memberVO">
     <![CDATA[
	     update member
	     set pwd=#{pwd}
	     where
	     id=#{id}
      ]]>
	</update>

	<delete id="deleteMember" parameterType="String">
	<![CDATA[
	   delete from member
	   where
	   id=#{id}
	]]>
	</delete>
</mapper>